{
	"IcoMoonType": "selection",
	"icons": [
		{
			"icon": {
				"paths": [
					"M490.976 512l181.024 181.024-90.496 90.496-271.552-271.52 271.52-271.52 90.528 90.496-181.024 181.024z"
				],
				"width": 1024,
				"attrs": [],
				"isMulticolor": false,
				"tags": [
					"rewind",
					"go",
					"previous",
					"back",
					"old"
				],
				"grid": 16
			},
			"attrs": [],
			"properties": {
				"id": 124,
				"order": 11,
				"prevSize": 32,
				"name": "rewind",
				"code": 59648
			},
			"setIdx": 1,
			"setId": 17,
			"iconIdx": 123
		},
		{
			"icon": {
				"paths": [
					"M960 0h-448c-35.376 0-64 28.656-64 64s28.624 64 64 64h384v768h-384c-35.376 0-64 28.656-64 64s28.624 64 64 64h448c35.376 0 64-28.656 64-64v-896c0-35.344-28.624-64-64-64zM448 768l256-256-256-256v192h-390.818c-31.606 0-57.182 28.656-57.182 64s25.576 64 57.182 64h390.818v192z"
				],
				"attrs": [],
				"isMulticolor": false,
				"tags": [
					"in-alt",
					"right",
					"enter",
					"sign in",
					"login"
				],
				"grid": 16
			},
			"attrs": [],
			"properties": {
				"id": 4,
				"order": 45,
				"prevSize": 32,
				"code": 59659,
				"name": "in-alt"
			},
			"setIdx": 5,
			"setId": 13,
			"iconIdx": 3
		},
		{
			"icon": {
				"paths": [
					"M832 722s0-306 0-402-96-192-192-192c-64 0-64 0-64 0v-128l-192 192 192 192v-128s32 0 64 0 64 32 64 64 0 402 0 402c-38 22-64 63-64 110 0 71 57 128 128 128s128-57 128-128c0-47-26-88-64-110zM768 896c-35 0-64-29-64-64s29-64 64-64 64 29 64 64-29 64-64 64zM320 768s-32 0-64 0-64-32-64-64 0-402 0-402c38-22 64-63 64-110 0-71-57-128-128-128s-128 57-128 128c0 47 26 88 64 110 0 0 0 306 0 402s96 192 192 192c64 0 64 0 64 0v128l192-192-192-192v128zM128 256c-35 0-64-29-64-64s29-64 64-64 64 29 64 64-29 64-64 64z"
				],
				"width": 896,
				"attrs": [],
				"isMulticolor": false,
				"tags": [
					"git-compare"
				],
				"defaultCode": 61612,
				"grid": 16
			},
			"attrs": [],
			"properties": {
				"id": 71,
				"order": 4,
				"prevSize": 32,
				"name": "git-compare",
				"code": 61612
			},
			"setIdx": 16,
			"setId": 2,
			"iconIdx": 70
		},
		{
			"icon": {
				"paths": [
					"M1021.248 172.8l-93.248 371.2c0 4.448-0.896 8.64-2.496 12.448-3.264 7.68-9.376 13.824-17.024 17.056-3.84 1.632-8.064 2.496-12.48 2.496h-608l25.6 128h550.4c17.696 0 32 14.304 32 32s-14.304 32-32 32h-576c-17.696 0-32-14.304-32-32l-121.6-608h-102.4c-17.664 0-32-14.336-32-32s14.336-32 32-32h128c17.696 0 32 14.336 32 32l6.4 32h793.6c17.696 0 32 14.336 32 32 0 4.576-1.024 8.864-2.752 12.8zM275.2 512h108.8v-320h-172.8l64 320zM576 192h-160v320h160v-320zM768 192h-160v320h160v-320zM800 192v320h72.096l81.056-320h-153.152zM352 832c53.024 0 96 43.008 96 96s-42.976 96-96 96-96-43.008-96-96 42.976-96 96-96zM352 960c17.696 0 32-14.304 32-32s-14.304-32-32-32-32 14.304-32 32 14.304 32 32 32zM800 832c53.024 0 96 43.008 96 96s-42.976 96-96 96-96-43.008-96-96 42.976-96 96-96zM800 960c17.696 0 32-14.304 32-32s-14.304-32-32-32-32 14.304-32 32 14.304 32 32 32z"
				],
				"attrs": [],
				"isMulticolor": false,
				"tags": [
					"cart",
					"shopping",
					"ecommerce",
					"buy",
					"purchase"
				],
				"grid": 16
			},
			"attrs": [],
			"properties": {
				"id": 9,
				"order": 3,
				"prevSize": 32,
				"name": "cart3",
				"code": 59649
			},
			"setIdx": 17,
			"setId": 1,
			"iconIdx": 8
		},
		{
			"icon": {
				"paths": [
					"M510.016 1024c0 0-318.016-449.984-318.016-641.984 0-378.016 318.016-382.016 318.016-382.016s321.984 4 321.984 380c0 197.984-321.984 644-321.984 644zM512 192c-70.688 0-128 57.312-128 128s57.312 128 128 128 128-57.312 128-128-57.312-128-128-128z"
				],
				"attrs": [],
				"isMulticolor": false,
				"tags": [
					"location",
					"map marker",
					"marker",
					"pin"
				],
				"grid": 16
			},
			"attrs": [],
			"properties": {
				"id": 43,
				"order": 35,
				"prevSize": 32,
				"name": "location",
				"code": 59650
			},
			"setIdx": 17,
			"setId": 1,
			"iconIdx": 42
		},
		{
			"icon": {
				"paths": [
					"M0 1024h512v-1024h-512v1024zM320 128h128v128h-128v-128zM320 384h128v128h-128v-128zM320 640h128v128h-128v-128zM64 128h128v128h-128v-128zM64 384h128v128h-128v-128zM64 640h128v128h-128v-128zM576 320h448v64h-448zM576 1024h128v-256h192v256h128v-576h-448z"
				],
				"attrs": [],
				"isMulticolor": false,
				"tags": [
					"office",
					"buildings",
					"work"
				],
				"grid": 16
			},
			"attrs": [],
			"properties": {
				"order": 33,
				"prevSize": 32,
				"ligatures": "office, buildings",
				"name": "office",
				"id": 3,
				"code": 59651
			},
			"setIdx": 18,
			"setId": 0,
			"iconIdx": 3
		},
		{
			"icon": {
				"paths": [
					"M736 0h-448c-52.8 0-96 43.2-96 96v832c0 52.8 43.2 96 96 96h448c52.8 0 96-43.2 96-96v-832c0-52.8-43.2-96-96-96zM384 48h256v32h-256v-32zM512 960c-35.346 0-64-28.654-64-64s28.654-64 64-64 64 28.654 64 64-28.654 64-64 64zM768 768h-512v-640h512v640z"
				],
				"attrs": [],
				"isMulticolor": false,
				"tags": [
					"mobile",
					"cell-phone",
					"handheld"
				],
				"grid": 16
			},
			"attrs": [],
			"properties": {
				"order": 36,
				"prevSize": 32,
				"ligatures": "mobile, cell-phone",
				"name": "mobile",
				"id": 88,
				"code": 59652
			},
			"setIdx": 18,
			"setId": 0,
			"iconIdx": 88
		},
		{
			"icon": {
				"paths": [
					"M576 706.612v-52.78c70.498-39.728 128-138.772 128-237.832 0-159.058 0-288-192-288s-192 128.942-192 288c0 99.060 57.502 198.104 128 237.832v52.78c-217.102 17.748-384 124.42-384 253.388h896c0-128.968-166.898-235.64-384-253.388z"
				],
				"attrs": [],
				"isMulticolor": false,
				"tags": [
					"user",
					"profile",
					"avatar",
					"person",
					"member"
				],
				"grid": 16
			},
			"attrs": [],
			"properties": {
				"order": 34,
				"prevSize": 32,
				"ligatures": "user, profile2",
				"name": "user",
				"id": 113,
				"code": 59653
			},
			"setIdx": 18,
			"setId": 0,
			"iconIdx": 113
		},
		{
			"icon": {
				"paths": [
					"M1024 576l-128-256h-192v-128c0-35.2-28.8-64-64-64h-576c-35.2 0-64 28.8-64 64v512l64 64h81.166c-10.898 18.832-17.166 40.678-17.166 64 0 70.692 57.308 128 128 128s128-57.308 128-128c0-23.322-6.268-45.168-17.166-64h354.334c-10.898 18.832-17.168 40.678-17.168 64 0 70.692 57.308 128 128 128s128-57.308 128-128c0-23.322-6.27-45.168-17.168-64h81.168v-192zM704 576v-192h132.668l96 192h-228.668z"
				],
				"attrs": [],
				"isMulticolor": false,
				"tags": [
					"truck",
					"transit",
					"transport",
					"delivery",
					"vehicle"
				],
				"grid": 16
			},
			"attrs": [],
			"properties": {
				"order": 8,
				"prevSize": 32,
				"ligatures": "truck, transit",
				"name": "truck",
				"id": 176,
				"code": 59654
			},
			"setIdx": 18,
			"setId": 0,
			"iconIdx": 176
		},
		{
			"icon": {
				"paths": [
					"M512 0c-282.77 0-512 229.23-512 512s229.23 512 512 512 512-229.23 512-512-229.23-512-512-512zM512 928c-229.75 0-416-186.25-416-416s186.25-416 416-416 416 186.25 416 416-186.25 416-416 416z",
					"M672 256l-160 160-160-160-96 96 160 160-160 160 96 96 160-160 160 160 96-96-160-160 160-160z"
				],
				"attrs": [],
				"isMulticolor": false,
				"tags": [
					"cancel-circle",
					"close",
					"remove",
					"delete"
				],
				"grid": 16
			},
			"attrs": [],
			"properties": {
				"order": 44,
				"prevSize": 32,
				"ligatures": "cancel-circle, close",
				"name": "cancel-circle",
				"id": 269,
				"code": 59658
			},
			"setIdx": 18,
			"setId": 0,
			"iconIdx": 269
		},
		{
			"icon": {
				"paths": [
					"M1024 512c0-282.77-229.23-512-512-512s-512 229.23-512 512 229.23 512 512 512 512-229.23 512-512zM96 512c0-229.75 186.25-416 416-416s416 186.25 416 416-186.25 416-416 416-416-186.25-416-416z",
					"M317.256 354.744l-90.512 90.512 285.256 285.254 285.254-285.256-90.508-90.508-194.746 194.744z"
				],
				"attrs": [],
				"isMulticolor": false,
				"tags": [
					"circle-down",
					"down",
					"circle-bottom",
					"arrow"
				],
				"grid": 16
			},
			"attrs": [],
			"properties": {
				"order": 32,
				"prevSize": 32,
				"ligatures": "circle-down, down3",
				"name": "circle-down",
				"id": 323,
				"code": 59655
			},
			"setIdx": 18,
			"setId": 0,
			"iconIdx": 323
		},
		{
			"icon": {
				"paths": [
					"M512 950.857q-14.857 0-25.143-10.286l-356.571-344q-5.714-4.571-15.714-14.857t-31.714-37.429-38.857-55.714-30.571-69.143-13.429-78.857q0-125.714 72.571-196.571t200.571-70.857q35.429 0 72.286 12.286t68.571 33.143 54.571 39.143 43.429 38.857q20.571-20.571 43.429-38.857t54.571-39.143 68.571-33.143 72.286-12.286q128 0 200.571 70.857t72.571 196.571q0 126.286-130.857 257.143l-356 342.857q-10.286 10.286-25.143 10.286z"
				],
				"width": 1023.999963760376,
				"attrs": [],
				"isMulticolor": false,
				"tags": [
					"heart"
				],
				"defaultCode": 61444,
				"grid": 14
			},
			"attrs": [],
			"properties": {
				"name": "heart",
				"id": 4,
				"order": 29,
				"prevSize": 28,
				"code": 61444
			},
			"setIdx": 6,
			"setId": 12,
			"iconIdx": 4
		},
		{
			"icon": {
				"paths": [
					"M950.857 369.714q0 12.571-14.857 27.429l-207.429 202.286 49.143 285.714q0.571 4 0.571 11.429 0 12-6 20.286t-17.429 8.286q-10.857 0-22.857-6.857l-256.571-134.857-256.571 134.857q-12.571 6.857-22.857 6.857-12 0-18-8.286t-6-20.286q0-3.429 1.143-11.429l49.143-285.714-208-202.286q-14.286-15.429-14.286-27.429 0-21.143 32-26.286l286.857-41.714 128.571-260q10.857-23.429 28-23.429t28 23.429l128.571 260 286.857 41.714q32 5.143 32 26.286z"
				],
				"width": 950.856954574585,
				"attrs": [],
				"isMulticolor": false,
				"tags": [
					"star"
				],
				"defaultCode": 61445,
				"grid": 14
			},
			"attrs": [],
			"properties": {
				"name": "star",
				"id": 5,
				"order": 30,
				"prevSize": 28,
				"code": 61445
			},
			"setIdx": 6,
			"setId": 12,
			"iconIdx": 5
		},
		{
			"icon": {
				"paths": [
					"M665.143 73.143q13.143 0 25.143 5.143 18.857 7.429 30 23.429t11.143 35.429v736.571q0 19.429-11.143 35.429t-30 23.429q-10.857 4.571-25.143 4.571-27.429 0-47.429-18.286l-252-242.286-252 242.286q-20.571 18.857-47.429 18.857-13.143 0-25.143-5.143-18.857-7.429-30-23.429t-11.143-35.429v-736.571q0-19.429 11.143-35.429t30-23.429q12-5.143 25.143-5.143h598.857z"
				],
				"width": 731.428035736084,
				"attrs": [],
				"isMulticolor": false,
				"tags": [
					"bookmark"
				],
				"defaultCode": 61486,
				"grid": 14
			},
			"attrs": [],
			"properties": {
				"name": "bookmark",
				"id": 43,
				"order": 25,
				"prevSize": 28,
				"code": 61486
			},
			"setIdx": 6,
			"setId": 12,
			"iconIdx": 43
		},
		{
			"icon": {
				"paths": [
					"M632.571 501.143l-424 424q-10.857 10.857-25.714 10.857t-25.714-10.857l-94.857-94.857q-10.857-10.857-10.857-25.714t10.857-25.714l303.429-303.429-303.429-303.429q-10.857-10.857-10.857-25.714t10.857-25.714l94.857-94.857q10.857-10.857 25.714-10.857t25.714 10.857l424 424q10.857 10.857 10.857 25.714t-10.857 25.714z"
				],
				"width": 694.8569641113281,
				"attrs": [],
				"isMulticolor": false,
				"tags": [
					"chevron-right"
				],
				"defaultCode": 61524,
				"grid": 14
			},
			"attrs": [],
			"properties": {
				"name": "chevron-right",
				"id": 79,
				"order": 12,
				"prevSize": 28,
				"code": 61524
			},
			"setIdx": 6,
			"setId": 12,
			"iconIdx": 79
		},
		{
			"icon": {
				"paths": [
					"M950.857 340.571q0-46.286-12.286-81.714t-31.429-56.286-46.571-34-53.714-17.714-56-4.571-64 14.571-63.143 36.571-49.429 41.143-34.286 35.143q-10.286 12.571-28 12.571t-28-12.571q-13.714-16-34.286-35.143t-49.429-41.143-63.143-36.571-64-14.571-56 4.571-53.714 17.714-46.571 34-31.429 56.286-12.286 81.714q0 96 106.857 202.857l332 320 331.429-319.429q107.429-107.429 107.429-203.429zM1024 340.571q0 126.286-130.857 257.143l-356 342.857q-10.286 10.286-25.143 10.286t-25.143-10.286l-356.571-344q-5.714-4.571-15.714-14.857t-31.714-37.429-38.857-55.714-30.571-69.143-13.429-78.857q0-125.714 72.571-196.571t200.571-70.857q35.429 0 72.286 12.286t68.571 33.143 54.571 39.143 43.429 38.857q20.571-20.571 43.429-38.857t54.571-39.143 68.571-33.143 72.286-12.286q128 0 200.571 70.857t72.571 196.571z"
				],
				"width": 1024.0010013580322,
				"attrs": [],
				"isMulticolor": false,
				"tags": [
					"heart-o"
				],
				"defaultCode": 61578,
				"grid": 14
			},
			"attrs": [],
			"properties": {
				"name": "heart-o",
				"id": 130,
				"order": 28,
				"prevSize": 28,
				"code": 61578
			},
			"setIdx": 6,
			"setId": 12,
			"iconIdx": 130
		},
		{
			"icon": {
				"paths": [
					"M658.286 146.286h-585.143v709.714l292.571-280.571 50.857 48.571 241.714 232v-709.714zM665.143 73.143q13.143 0 25.143 5.143 18.857 7.429 30 23.429t11.143 35.429v736.571q0 19.429-11.143 35.429t-30 23.429q-10.857 4.571-25.143 4.571-27.429 0-47.429-18.286l-252-242.286-252 242.286q-20.571 18.857-47.429 18.857-13.143 0-25.143-5.143-18.857-7.429-30-23.429t-11.143-35.429v-736.571q0-19.429 11.143-35.429t30-23.429q12-5.143 25.143-5.143h598.857z"
				],
				"width": 731.428035736084,
				"attrs": [],
				"isMulticolor": false,
				"tags": [
					"bookmark-o"
				],
				"defaultCode": 61591,
				"grid": 14
			},
			"attrs": [],
			"properties": {
				"name": "bookmark-o",
				"id": 142,
				"order": 24,
				"prevSize": 28,
				"code": 61591
			},
			"setIdx": 6,
			"setId": 12,
			"iconIdx": 142
		},
		{
			"icon": {
				"paths": [
					"M925.714 233.143q-38.286 56-92.571 95.429 0.571 8 0.571 24 0 74.286-21.714 148.286t-66 142-105.429 120.286-147.429 83.429-184.571 31.143q-154.857 0-283.429-82.857 20 2.286 44.571 2.286 128.571 0 229.143-78.857-60-1.143-107.429-36.857t-65.143-91.143q18.857 2.857 34.857 2.857 24.571 0 48.571-6.286-64-13.143-106-63.714t-42-117.429v-2.286q38.857 21.714 83.429 23.429-37.714-25.143-60-65.714t-22.286-88q0-50.286 25.143-93.143 69.143 85.143 168.286 136.286t212.286 56.857q-4.571-21.714-4.571-42.286 0-76.571 54-130.571t130.571-54q80 0 134.857 58.286 62.286-12 117.143-44.571-21.143 65.714-81.143 101.714 53.143-5.714 106.286-28.571z"
				],
				"width": 950.8560180664062,
				"attrs": [],
				"isMulticolor": false,
				"tags": [
					"twitter"
				],
				"defaultCode": 61593,
				"grid": 14
			},
			"attrs": [],
			"properties": {
				"name": "twitter",
				"id": 144,
				"order": 20,
				"prevSize": 28,
				"code": 61593
			},
			"setIdx": 6,
			"setId": 12,
			"iconIdx": 144
		},
		{
			"icon": {
				"paths": [
					"M548 6.857v150.857h-89.714q-49.143 0-66.286 20.571t-17.143 61.714v108h167.429l-22.286 169.143h-145.143v433.714h-174.857v-433.714h-145.714v-169.143h145.714v-124.571q0-106.286 59.429-164.857t158.286-58.571q84 0 130.286 6.857z"
				],
				"width": 602.2870178222656,
				"attrs": [],
				"isMulticolor": false,
				"tags": [
					"facebook",
					"facebook-f"
				],
				"defaultCode": 61594,
				"grid": 14
			},
			"attrs": [],
			"properties": {
				"name": "facebook, facebook-f",
				"id": 145,
				"order": 21,
				"prevSize": 28,
				"code": 61594
			},
			"setIdx": 6,
			"setId": 12,
			"iconIdx": 145
		},
		{
			"icon": {
				"paths": [
					"M554.857 710.857v120.571q0 38.286-22.286 38.286-13.143 0-25.714-12.571v-172q12.571-12.571 25.714-12.571 22.286 0 22.286 38.286zM748 711.429v26.286h-51.429v-26.286q0-38.857 25.714-38.857t25.714 38.857zM196 586.857h61.143v-53.714h-178.286v53.714h60v325.143h57.143v-325.143zM360.571 912h50.857v-282.286h-50.857v216q-17.143 24-32.571 24-10.286 0-12-12-0.571-1.714-0.571-20v-208h-50.857v223.429q0 28 4.571 41.714 6.857 21.143 33.143 21.143 27.429 0 58.286-34.857v30.857zM605.714 827.429v-112.571q0-41.714-5.143-56.571-9.714-32-40.571-32-28.571 0-53.143 30.857v-124h-50.857v378.857h50.857v-27.429q25.714 31.429 53.143 31.429 30.857 0 40.571-31.429 5.143-15.429 5.143-57.143zM798.857 821.714v-7.429h-52q0 29.143-1.143 34.857-4 20.571-22.857 20.571-26.286 0-26.286-39.429v-49.714h102.286v-58.857q0-45.143-15.429-66.286-22.286-29.143-60.571-29.143-38.857 0-61.143 29.143-16 21.143-16 66.286v98.857q0 45.143 16.571 66.286 22.286 29.143 61.714 29.143 41.143 0 61.714-30.286 10.286-15.429 12-30.857 1.143-5.143 1.143-33.143zM451.429 300v-120q0-39.429-24.571-39.429t-24.571 39.429v120q0 40 24.571 40t24.571-40zM862.286 729.143q0 133.714-14.857 200-8 33.714-33.143 56.571t-58.286 26.286q-105.143 12-317.143 12t-317.143-12q-33.143-3.429-58.571-26.286t-32.857-56.571q-14.857-64-14.857-200 0-133.714 14.857-200 8-33.714 33.143-56.571t58.857-26.857q104.571-11.429 316.571-11.429t317.143 11.429q33.143 4 58.571 26.857t32.857 56.571q14.857 64 14.857 200zM292 0h58.286l-69.143 228v154.857h-57.143v-154.857q-8-42.286-34.857-121.143-21.143-58.857-37.143-106.857h60.571l40.571 150.286zM503.429 190.286v100q0 46.286-16 67.429-21.143 29.143-60.571 29.143-38.286 0-60-29.143-16-21.714-16-67.429v-100q0-45.714 16-66.857 21.714-29.143 60-29.143 39.429 0 60.571 29.143 16 21.143 16 66.857zM694.857 97.714v285.143h-52v-31.429q-30.286 35.429-58.857 35.429-26.286 0-33.714-21.143-4.571-13.714-4.571-42.857v-225.143h52v209.714q0 18.857 0.571 20 1.714 12.571 12 12.571 15.429 0 32.571-24.571v-217.714h52z"
				],
				"width": 877.7149772644043,
				"attrs": [],
				"isMulticolor": false,
				"tags": [
					"youtube"
				],
				"defaultCode": 61799,
				"grid": 14
			},
			"attrs": [],
			"properties": {
				"name": "youtube",
				"id": 323,
				"order": 22,
				"prevSize": 28,
				"code": 61799
			},
			"setIdx": 6,
			"setId": 12,
			"iconIdx": 323
		},
		{
			"icon": {
				"paths": [
					"M298 426h428l-214 214z"
				],
				"attrs": [],
				"isMulticolor": false,
				"tags": [
					"arrow_drop_down"
				],
				"defaultCode": 58821,
				"grid": 24
			},
			"attrs": [],
			"properties": {
				"order": 10,
				"ligatures": "arrow_drop_down",
				"id": 47,
				"prevSize": 24,
				"name": "arrow_drop_down",
				"code": 58821
			},
			"setIdx": 7,
			"setId": 11,
			"iconIdx": 47
		},
		{
			"icon": {
				"paths": [
					"M298 598l214-214 214 214h-428z"
				],
				"attrs": [],
				"isMulticolor": false,
				"tags": [
					"arrow_drop_up"
				],
				"defaultCode": 58823,
				"grid": 24
			},
			"attrs": [],
			"properties": {
				"order": 9,
				"ligatures": "arrow_drop_up",
				"id": 49,
				"prevSize": 24,
				"name": "arrow_drop_up",
				"code": 58823
			},
			"setIdx": 7,
			"setId": 11,
			"iconIdx": 49
		},
		{
			"icon": {
				"paths": [
					"M884 300l-78 78-160-160 78-78c16-16 44-16 60 0l100 100c16 16 16 44 0 60zM128 736l472-472 160 160-472 472h-160v-160z"
				],
				"attrs": [],
				"isMulticolor": false,
				"tags": [
					"mode_edit"
				],
				"defaultCode": 57940,
				"grid": 24
			},
			"attrs": [],
			"properties": {
				"order": 37,
				"ligatures": "create, edit, mode_edit",
				"id": 184,
				"prevSize": 24,
				"name": "mode_edit",
				"code": 57940
			},
			"setIdx": 7,
			"setId": 11,
			"iconIdx": 184
		},
		{
			"icon": {
				"paths": [
					"M18 572l60-60 238 238-60 60zM948 238l62 60-512 512-240-238 62-60 178 178zM768 298l-270 272-60-60 270-272z"
				],
				"attrs": [],
				"isMulticolor": false,
				"tags": [
					"done_all"
				],
				"defaultCode": 59511,
				"grid": 24
			},
			"attrs": [],
			"properties": {
				"order": 38,
				"ligatures": "done_all",
				"id": 233,
				"prevSize": 24,
				"code": 59511,
				"name": "done_all"
			},
			"setIdx": 7,
			"setId": 11,
			"iconIdx": 233
		},
		{
			"icon": {
				"paths": [
					"M512 298v-84h-384v84h384zM512 470v-86h-384v86h384zM896 128c46 0 86 40 86 86v596c0 46-40 86-86 86h-768c-46 0-86-40-86-86v-596c0-46 40-86 86-86h768z"
				],
				"attrs": [],
				"isMulticolor": false,
				"tags": [
					"featured_play_list"
				],
				"defaultCode": 57453,
				"grid": 24
			},
			"attrs": [],
			"properties": {
				"order": 31,
				"ligatures": "featured_play_list",
				"id": 271,
				"prevSize": 24,
				"name": "featured_play_list",
				"code": 57453
			},
			"setIdx": 7,
			"setId": 11,
			"iconIdx": 271
		},
		{
			"icon": {
				"paths": [
					"M512 854c188 0 342-154 342-342s-154-342-342-342-342 154-342 342 154 342 342 342zM512 86c236 0 426 190 426 426v342c0 46-38 84-84 84h-342c-236 0-426-190-426-426s190-426 426-426zM554 298v172h172v84h-172v172h-84v-172h-172v-84h172v-172h84z"
				],
				"attrs": [],
				"isMulticolor": false,
				"tags": [
					"loupe"
				],
				"defaultCode": 58370,
				"grid": 24
			},
			"attrs": [],
			"properties": {
				"order": 39,
				"ligatures": "loupe",
				"id": 482,
				"prevSize": 24,
				"code": 58370,
				"name": "loupe"
			},
			"setIdx": 7,
			"setId": 11,
			"iconIdx": 482
		},
		{
			"icon": {
				"paths": [
					"M128 256h768v86h-768v-86zM128 554v-84h768v84h-768zM128 768v-86h768v86h-768z"
				],
				"attrs": [],
				"isMulticolor": false,
				"tags": [
					"menu"
				],
				"defaultCode": 58834,
				"grid": 24
			},
			"attrs": [],
			"properties": {
				"order": 2,
				"ligatures": "menu",
				"id": 489,
				"prevSize": 24,
				"name": "menu",
				"code": 58834
			},
			"setIdx": 7,
			"setId": 11,
			"iconIdx": 489
		},
		{
			"icon": {
				"paths": [
					"M726 448l170-170v468l-170-170v150c0 24-20 42-44 42h-512c-24 0-42-18-42-42v-428c0-24 18-42 42-42h512c24 0 44 18 44 42v150z"
				],
				"attrs": [],
				"isMulticolor": false,
				"tags": [
					"videocam"
				],
				"defaultCode": 57419,
				"grid": 24
			},
			"attrs": [],
			"properties": {
				"order": 6,
				"ligatures": "videocam",
				"id": 797,
				"prevSize": 24,
				"name": "videocam",
				"code": 57419
			},
			"setIdx": 7,
			"setId": 11,
			"iconIdx": 797
		},
		{
			"icon": {
				"paths": [
					"M682 214h214v256h-214v-256zM426 470v-256h214v256h-214zM682 768v-256h214v256h-214zM426 768v-256h214v256h-214zM170 768v-256h214v256h-214zM170 470v-256h214v256h-214z"
				],
				"attrs": [],
				"isMulticolor": false,
				"tags": [
					"view_module"
				],
				"defaultCode": 59632,
				"grid": 24
			},
			"attrs": [],
			"properties": {
				"order": 13,
				"ligatures": "view_module",
				"id": 809,
				"prevSize": 24,
				"name": "view_module",
				"code": 59632
			},
			"setIdx": 7,
			"setId": 11,
			"iconIdx": 809
		},
		{
			"icon": {
				"paths": [
					"M426.667 42.667q78 0 149.167 30.5t122.5 81.833 81.833 122.5 30.5 149.167q0 67-21.833 128.333t-62.167 111.333l242.333 242q12.333 12.333 12.333 30.333 0 18.333-12.167 30.5t-30.5 12.167q-18 0-30.333-12.333l-242-242.333q-50 40.333-111.333 62.167t-128.333 21.833q-78 0-149.167-30.5t-122.5-81.833-81.833-122.5-30.5-149.167 30.5-149.167 81.833-122.5 122.5-81.833 149.167-30.5zM426.667 128q-60.667 0-116 23.667t-95.333 63.667-63.667 95.333-23.667 116 23.667 116 63.667 95.333 95.333 63.667 116 23.667 116-23.667 95.333-63.667 63.667-95.333 23.667-116-23.667-116-63.667-95.333-95.333-63.667-116-23.667z"
				],
				"attrs": [],
				"isMulticolor": false,
				"tags": [
					"search"
				],
				"defaultCode": 57398,
				"grid": 24
			},
			"attrs": [],
			"properties": {
				"id": 37,
				"order": 1,
				"prevSize": 24,
				"name": "search",
				"code": 57398
			},
			"setIdx": 10,
			"setId": 8,
			"iconIdx": 36
		},
		{
			"icon": {
				"paths": [
					"M768 512.051c0 15.309-15.616 26.317-15.616 26.317l-438.323 271.514c-31.949 20.941-58.061 5.427-58.061-34.253v-527.206c0-39.782 26.112-55.194 58.112-34.304l438.323 271.616c-0.051 0 15.565 11.008 15.565 26.317z"
				],
				"attrs": [],
				"isMulticolor": false,
				"tags": [
					"controller-play"
				],
				"grid": 20
			},
			"attrs": [],
			"properties": {
				"id": 55,
				"order": 7,
				"prevSize": 20,
				"name": "controller-play",
				"code": 59656
			},
			"setIdx": 11,
			"setId": 7,
			"iconIdx": 54
		},
		{
			"icon": {
				"paths": [
					"M933.248 335.104c-40-10.496-134.048-10.368-271.616-14.016 6.496-30.016 8-57.088 8-105.152-0-114.816-83.648-215.936-157.632-215.936-52.256 0-95.328 42.72-96 95.264-0.704 64.448-20.64 175.744-128 232.192-7.872 4.16-30.4 15.264-33.696 16.704l1.696 1.44c-16.8-14.496-40.096-25.6-64-25.6h-96c-52.928 0-96 43.072-96 96v512c0 52.928 43.072 96 96 96h96c38.080 0 69.952-23.008 85.376-55.264 0.384 0.128 1.056 0.32 1.504 0.384 2.112 0.576 4.608 1.184 7.648 1.984 0.576 0.16 0.864 0.224 1.472 0.384 18.432 4.576 53.92 13.056 129.76 30.496 16.256 3.712 102.144 22.016 191.104 22.016h174.944c53.312 0 91.744-20.512 114.624-61.696 0.32-0.64 7.68-15.008 13.696-34.432 4.512-14.624 6.176-35.328 0.736-56.32 34.368-23.616 45.44-59.328 52.64-82.56 12.064-38.112 8.448-66.752 0.064-87.264 19.328-18.24 35.808-46.048 42.752-88.512 4.32-26.304-0.32-53.376-12.448-75.904 18.112-20.352 26.368-45.952 27.328-69.632l0.384-6.688c0.224-4.192 0.416-6.784 0.416-16 0-40.416-28-91.968-90.752-109.888zM224 928c0 17.696-14.304 32-32 32h-96c-17.696 0-32-14.304-32-32v-512c0-17.696 14.304-32 32-32h96c17.696 0 32 14.304 32 32v512zM959.264 465.12c-0.64 15.808-7.264 46.88-63.264 46.88-48 0-64 0-64 0-8.864 0-16 7.168-16 16s7.136 16 16 16c0 0 14.016 0 62.016 0s54.304 39.808 51.2 59.008c-3.968 23.872-15.168 68.992-69.216 68.992-53.984 0-76 0-76 0-8.864 0-16 7.136-16 16 0 8.8 7.136 16 16 16 0 0 38.016 0 63.008 0 54.016 0 49.248 41.184 41.504 65.76-10.208 32.288-16.448 62.24-84.512 62.24-23.008 0-52.192 0-52.192 0-8.864 0-16 7.136-16 16 0 8.8 7.136 16 16 16 0 0 22.176 0 50.176 0 35.008 0 36.64 33.12 32.992 44.992-4 12.992-8.736 22.624-8.928 23.072-9.664 17.44-25.248 27.936-58.24 27.936h-174.944c-87.872 0-175.040-19.936-177.28-20.448-132.928-30.624-139.936-32.992-148.288-35.36 0 0-27.072-4.576-27.072-28.192l-0.224-441.984c0-15.008 9.568-28.576 25.408-33.344 1.984-0.768 4.672-1.6 6.592-2.4 146.176-60.544 190.688-193.28 192-302.272 0.192-15.328 12-32 32-32 33.824 0 93.632 67.904 93.632 151.936-0 75.872-3.072 88.992-29.632 168.064 320 0 317.76 4.608 345.984 12 35.008 10.016 38.016 39.008 38.016 48.992 0 10.976-0.32 9.376-0.736 20.128zM144 832c-26.496 0-48 21.504-48 48s21.504 48 48 48 48-21.504 48-48-21.504-48-48-48zM144 896c-8.8 0-16-7.2-16-16s7.2-16 16-16 16 7.2 16 16-7.2 16-16 16z"
				],
				"attrs": [],
				"isMulticolor": false,
				"tags": [
					"like",
					"thumbs up",
					"approve"
				],
				"grid": 32
			},
			"attrs": [],
			"properties": {
				"id": 27,
				"order": 42,
				"prevSize": 32,
				"code": 59657,
				"name": "like"
			},
			"setIdx": 15,
			"setId": 3,
			"iconIdx": 26
		}
	],
	"height": 1024,
	"metadata": {
		"name": "icomoon"
	},
	"preferences": {
		"showGlyphs": true,
		"showCodes": true,
		"showQuickUse": true,
		"showQuickUse2": true,
		"showSVGs": true,
		"fontPref": {
			"prefix": "icon-",
			"metadata": {
				"fontFamily": "icomoon"
			},
			"metrics": {
				"emSize": 1024,
				"baseline": 6.25,
				"whitespace": 50
			},
			"embed": false
		},
		"imagePref": {
			"prefix": "icon-",
			"png": true,
			"useClassSelector": true,
			"color": 0,
			"bgColor": 16777215,
			"classSelector": ".icon"
		},
		"historySize": 100
	}
}